{
  "slot": 30,
  "roles": [
    "事務",
    "事務・介護",
    "介護",
    "介護・相談員",
    "介護（W/2）",
    "介護（W/3）",
    "施設長・相談員",
    "機能訓練士",
    "看護師",
    "管理者・相談員",
    "運転士"
  ],
  "dates": [
    "2025-04-01",
    "2025-04-02",
    "2025-04-03",
    "2025-04-04",
    "2025-04-05",
    "2025-04-06",
    "2025-04-07",
    "2025-04-08",
    "2025-04-09",
    "2025-04-10",
    "2025-04-11",
    "2025-04-12",
    "2025-04-13",
    "2025-04-14",
    "2025-04-15",
    "2025-04-16",
    "2025-04-17",
    "2025-04-18",
    "2025-04-19",
    "2025-04-20",
    "2025-04-21",
    "2025-04-22",
    "2025-04-23",
    "2025-04-24",
    "2025-04-25",
    "2025-04-26",
    "2025-04-27",
    "2025-04-28",
    "2025-04-29",
    "2025-04-30"
  ],
  "summary_columns": [
    "need",
    "upper",
    "staff",
    "lack",
    "excess"
  ],
  "estimated_holidays": [],
  "employments": [
    "スポット",
    "パート",
    "正社員"
  ],
  "dow_need_pattern": [
    {
      "time": "00:00",
      "0": 0,
      "1": 0,
      "2": 0,
      "3": 0,
      "4": 0,
      "5": 0,
      "6": 0
    },
    {
      "time": "00:30",
      "0": 0,
      "1": 0,
      "2": 0,
      "3": 0,
      "4": 0,
      "5": 0,
      "6": 0
    },
    {
      "time": "01:00",
      "0": 0,
      "1": 0,
      "2": 0,
      "3": 0,
      "4": 0,
      "5": 0,
      "6": 0
    },
    {
      "time": "01:30",
      "0": 0,
      "1": 0,
      "2": 0,
      "3": 0,
      "4": 0,
      "5": 0,
      "6": 0
    },
    {
      "time": "02:00",
      "0": 0,
      "1": 0,
      "2": 0,
      "3": 0,
      "4": 0,
      "5": 0,
      "6": 0
    },
    {
      "time": "02:30",
      "0": 0,
      "1": 0,
      "2": 0,
      "3": 0,
      "4": 0,
      "5": 0,
      "6": 0
    },
    {
      "time": "03:00",
      "0": 0,
      "1": 0,
      "2": 0,
      "3": 0,
      "4": 0,
      "5": 0,
      "6": 0
    },
    {
      "time": "03:30",
      "0": 0,
      "1": 0,
      "2": 0,
      "3": 0,
      "4": 0,
      "5": 0,
      "6": 0
    },
    {
      "time": "04:00",
      "0": 0,
      "1": 0,
      "2": 0,
      "3": 0,
      "4": 0,
      "5": 0,
      "6": 0
    },
    {
      "time": "04:30",
      "0": 0,
      "1": 0,
      "2": 0,
      "3": 0,
      "4": 0,
      "5": 0,
      "6": 0
    },
    {
      "time": "05:00",
      "0": 0,
      "1": 0,
      "2": 0,
      "3": 0,
      "4": 0,
      "5": 0,
      "6": 0
    },
    {
      "time": "05:30",
      "0": 0,
      "1": 0,
      "2": 0,
      "3": 0,
      "4": 0,
      "5": 0,
      "6": 0
    },
    {
      "time": "06:00",
      "0": 0,
      "1": 0,
      "2": 0,
      "3": 0,
      "4": 0,
      "5": 0,
      "6": 0
    },
    {
      "time": "06:30",
      "0": 0,
      "1": 0,
      "2": 0,
      "3": 0,
      "4": 0,
      "5": 0,
      "6": 0
    },
    {
      "time": "07:00",
      "0": 0,
      "1": 0,
      "2": 0,
      "3": 0,
      "4": 0,
      "5": 0,
      "6": 0
    },
    {
      "time": "07:30",
      "0": 0,
      "1": 0,
      "2": 0,
      "3": 0,
      "4": 0,
      "5": 0,
      "6": 0
    },
    {
      "time": "08:00",
      "0": 1,
      "1": 1,
      "2": 1,
      "3": 1,
      "4": 1,
      "5": 1,
      "6": 0
    },
    {
      "time": "08:30",
      "0": 11,
      "1": 12,
      "2": 10,
      "3": 10,
      "4": 11,
      "5": 11,
      "6": 0
    },
    {
      "time": "09:00",
      "0": 12,
      "1": 13,
      "2": 11,
      "3": 11,
      "4": 12,
      "5": 12,
      "6": 0
    },
    {
      "time": "09:30",
      "0": 12,
      "1": 14,
      "2": 11,
      "3": 11,
      "4": 12,
      "5": 12,
      "6": 0
    },
    {
      "time": "10:00",
      "0": 12,
      "1": 14,
      "2": 11,
      "3": 11,
      "4": 12,
      "5": 12,
      "6": 0
    },
    {
      "time": "10:30",
      "0": 12,
      "1": 14,
      "2": 11,
      "3": 11,
      "4": 12,
      "5": 12,
      "6": 0
    },
    {
      "time": "11:00",
      "0": 12,
      "1": 14,
      "2": 11,
      "3": 11,
      "4": 12,
      "5": 12,
      "6": 0
    },
    {
      "time": "11:30",
      "0": 12,
      "1": 13,
      "2": 11,
      "3": 11,
      "4": 12,
      "5": 12,
      "6": 0
    },
    {
      "time": "12:00",
      "0": 12,
      "1": 13,
      "2": 11,
      "3": 11,
      "4": 12,
      "5": 12,
      "6": 0
    },
    {
      "time": "12:30",
      "0": 12,
      "1": 13,
      "2": 11,
      "3": 11,
      "4": 12,
      "5": 12,
      "6": 0
    },
    {
      "time": "13:00",
      "0": 12,
      "1": 13,
      "2": 11,
      "3": 11,
      "4": 12,
      "5": 12,
      "6": 0
    },
    {
      "time": "13:30",
      "0": 12,
      "1": 13,
      "2": 11,
      "3": 11,
      "4": 12,
      "5": 12,
      "6": 0
    },
    {
      "time": "14:00",
      "0": 12,
      "1": 13,
      "2": 11,
      "3": 11,
      "4": 12,
      "5": 12,
      "6": 0
    },
    {
      "time": "14:30",
      "0": 12,
      "1": 13,
      "2": 11,
      "3": 11,
      "4": 12,
      "5": 12,
      "6": 0
    },
    {
      "time": "15:00",
      "0": 12,
      "1": 13,
      "2": 11,
      "3": 11,
      "4": 12,
      "5": 12,
      "6": 0
    },
    {
      "time": "15:30",
      "0": 12,
      "1": 13,
      "2": 11,
      "3": 11,
      "4": 12,
      "5": 12,
      "6": 0
    },
    {
      "time": "16:00",
      "0": 12,
      "1": 13,
      "2": 11,
      "3": 11,
      "4": 12,
      "5": 12,
      "6": 0
    },
    {
      "time": "16:30",
      "0": 12,
      "1": 13,
      "2": 11,
      "3": 11,
      "4": 12,
      "5": 12,
      "6": 0
    },
    {
      "time": "17:00",
      "0": 11,
      "1": 12,
      "2": 10,
      "3": 10,
      "4": 11,
      "5": 11,
      "6": 0
    },
    {
      "time": "17:30",
      "0": 1,
      "1": 1,
      "2": 1,
      "3": 1,
      "4": 1,
      "5": 1,
      "6": 0
    },
    {
      "time": "18:00",
      "0": 0,
      "1": 0,
      "2": 0,
      "3": 0,
      "4": 0,
      "5": 0,
      "6": 0
    },
    {
      "time": "18:30",
      "0": 0,
      "1": 0,
      "2": 0,
      "3": 0,
      "4": 0,
      "5": 0,
      "6": 0
    },
    {
      "time": "19:00",
      "0": 0,
      "1": 0,
      "2": 0,
      "3": 0,
      "4": 0,
      "5": 0,
      "6": 0
    },
    {
      "time": "19:30",
      "0": 0,
      "1": 0,
      "2": 0,
      "3": 0,
      "4": 0,
      "5": 0,
      "6": 0
    },
    {
      "time": "20:00",
      "0": 0,
      "1": 0,
      "2": 0,
      "3": 0,
      "4": 0,
      "5": 0,
      "6": 0
    },
    {
      "time": "20:30",
      "0": 0,
      "1": 0,
      "2": 0,
      "3": 0,
      "4": 0,
      "5": 0,
      "6": 0
    },
    {
      "time": "21:00",
      "0": 0,
      "1": 0,
      "2": 0,
      "3": 0,
      "4": 0,
      "5": 0,
      "6": 0
    },
    {
      "time": "21:30",
      "0": 0,
      "1": 0,
      "2": 0,
      "3": 0,
      "4": 0,
      "5": 0,
      "6": 0
    },
    {
      "time": "22:00",
      "0": 0,
      "1": 0,
      "2": 0,
      "3": 0,
      "4": 0,
      "5": 0,
      "6": 0
    },
    {
      "time": "22:30",
      "0": 0,
      "1": 0,
      "2": 0,
      "3": 0,
      "4": 0,
      "5": 0,
      "6": 0
    },
    {
      "time": "23:00",
      "0": 0,
      "1": 0,
      "2": 0,
      "3": 0,
      "4": 0,
      "5": 0,
      "6": 0
    },
    {
      "time": "23:30",
      "0": 0,
      "1": 0,
      "2": 0,
      "3": 0,
      "4": 0,
      "5": 0,
      "6": 0
    }
  ],
  "need_calculation_params": {
    "ref_start_date": "2025-04-01",
    "ref_end_date": "2025-04-30",
    "statistic_method": "25パーセンタイル",
    "remove_outliers": true,
    "iqr_multiplier": 1.5
  },
  "leave_statistics": {
    "total_records": 6073,
    "leave_records": 306,
    "holiday_type_breakdown": {
      "通常勤務": 5767,
      "希望休": 211,
      "その他休暇": 83,
      "有給": 12
    }
  }
}