{
  "slot": 30,
  "dates": [
    "2025-04-01",
    "2025-04-02",
    "2025-04-03",
    "2025-04-04",
    "2025-04-05",
    "2025-04-06",
    "2025-04-07",
    "2025-04-08",
    "2025-04-09",
    "2025-04-10",
    "2025-04-11",
    "2025-04-12",
    "2025-04-13",
    "2025-04-14",
    "2025-04-15",
    "2025-04-16",
    "2025-04-17",
    "2025-04-18",
    "2025-04-19",
    "2025-04-20",
    "2025-04-21",
    "2025-04-22",
    "2025-04-23",
    "2025-04-24",
    "2025-04-25",
    "2025-04-26",
    "2025-04-27",
    "2025-04-28",
    "2025-04-29",
    "2025-04-30"
  ],
  "roles": [
    "emp_スポット",
    "emp_パート",
    "emp_正社員",
    "事務・介護",
    "介護",
    "介護・相談員",
    "介護（W_2）",
    "介護（W_3）",
    "機能訓練士",
    "看護師",
    "管理者・相談員",
    "運転士"
  ],
  "employments": [
    "スポット",
    "パート",
    "正社員"
  ],
  "months": [
    "2025-04"
  ],
  "ratio_file": "shortage_ratio.parquet",
  "freq_file": "shortage_freq.parquet",
  "excess_ratio_file": "excess_ratio.parquet",
  "excess_freq_file": "excess_freq.parquet",
  "estimated_holidays_used": []
}